annotator_id,paper_group_id,reviewer_flagged_familiarity,technical_soundness,evidence_support,novelty,significance,clarity,overall_merit,editorial_priority,annotator_confidence,rationale,evidence_spans_or_phrases,notes
human_reviewer_1,BLINQ_QEC_001,no,4,4,2,3,5,3,medium,5,"The manuscript presents a comprehensive, high-quality review of the technological progression from linear optics to scalable photonic quantum computing. It demonstrates strong technical competency by accurately summarizing key performance benchmarks across photon generation, detection, and bosonic error-correcting codes. While it provides an exceptional educational synthesis of the state of the art up to recent 2024 developments, its lack of original data or primary theoretical breakthroughs warrants a medium priority classification, depending on whether the target venue accepts review-track submissions.","[""In this review, we examine the principles, technological advancements, applications, and challenges of photonic quantum computing."", ""From foundational concepts in linear optics to"", ""Summary of the latest research investigations in photonic quantum computing: fabrication techniques and applications""]",
human_reviewer_1,BLINQ_QALG_002,no,5,5,4,4,5,4,high,5,"The paper introduces a complete and well-justified hybrid classical-quantum column generation framework where a neutral-atom quantum platform acts as a sampler for the pricing subproblem. By mapping the pricing routine of the Minimum Vertex Coloring Problem to the Maximum Weighted Independent Set problem, the authors exploit the Rydberg blockade effect. The benchmarks across different graph sizes and topologies demonstrate reduced iteration overhead and optimization gaps compared to heuristic methods.","[""present a complete hybrid classical-quantum algorithm involving a quantum sampler based on neutral atom platforms"", ""inspired by classical column generation frameworks developed in the field of Operations Research"", ""benchmark our method on the Minimum Vertex Coloring problem"", ""Noiseless Quantum CG could reduce by 50% the number of iterations on sparse graphs when compared to SA-based pricing"", ""the average gap could be reduced by 80% when our proposed Quantum CG was applied""]",
human_reviewer_1,BLINQ_QCOMM_003,no,5,5,4,4,5,4,high,,,[],Reviewer supplied scores and short dimension-level assessments but no separate rationale/confidence.
human_reviewer_1,BLINQ_QHW_004,no,5,5,4,4,5,4,high,5,"The paper presents a rigorous experimental demonstration of an 8-qubit multiplexed readout chain utilizing a Kinetic Inductance Traveling Wave Parametric Amplifier as the first-stage amplifier. The reduced NbTiN film thickness lowers pump power requirements, and separate cooldowns plus ac Stark shift calibrations provide convincing evidence for improved SNR and readout fidelity.","[""demonstrate integration of a KI-TWPA with a multiplexed-qubit device."", ""perform these measurements for readout chains where the high electron mobility transistor (HEMT) amplifier is the first-stage amplifier"", ""demonstrate a maximum improvement in the state measurement SNR by a factor of 1.45, and increase the fidelity from 96.2% to 97.8%."", ""by reducing the high kinetic inductance film thickness from 20 nm to 10 nm""]",
human_reviewer_1,BLINQ_QIT_005,no,5,5,5,5,5,5,high,5,"The manuscript presents a compelling fully quantum description of intense light-matter interactions during harmonic generation in near-resonant atomic media. It reveals that non-trivial quantum states of light can be selectively generated when a harmonic mode drives a transition between laser-dressed states, backed by TDSE simulations and evidence for squeezed and entangled harmonic modes.","[""Generation of massively entangled bright states of light during harmonic generation in resonant media"", ""nonlinear optical response of matter can be controlled to generate dramatic deviations"", ""non-trivial quantum states of harmonics are generated as soon as one of the harmonics induces a transition"", ""opens remarkable opportunities at the interface of attosecond physics and quantum optics""]",
human_reviewer_2,BLINQ_QEC_001,no,2,1,1,2,2,1,low,4,"This reads as a broad survey rather than a research contribution, and many central claims are asserted without enough critical synthesis, derivation, or evidence. The manuscript covers standard photonic-QC topics but overstates quantitative performance claims and includes citation/figure-caption issues that reduce reliability.","[""this work provides a comprehensive analysis"", ""Quantum error correction schemes have reduced logical error rates to below 10\u22123"", ""Image adapted from web [1]"", ""Demonstrated quantum advantage in matrix inversion for ML tasks""]",
human_reviewer_2,BLINQ_QALG_002,no,3,3,4,3,4,3,medium,4,"The core idea of using a neutral-atom sampler for the pricing subproblem in a column-generation framework is coherent and nontrivial, with a clear RMP/PSP formulation and benchmark comparisons. The evidence is promising but limited by small graph sizes, emulator-based results, and iteration-count rather than end-to-end resource accounting.","[""Minimum Vertex Coloring problem"", ""Number of iterations on the QPU emulator"", ""reduce by up to 83%"", ""robust to noise"", ""remains a heuristic approach"", ""Branch-and-Pricing framework is necessary to guarantee optimality""]",
human_reviewer_2,BLINQ_QCOMM_003,no,4,4,4,4,4,4,high,4,"This is a technically coherent protocol-extension paper that defines asymmetric MP-QKD, gives decoy-state estimation and an asymptotic key-rate expression, and develops an optimal-pulse-intensity method. The simulations support the claim that optimized intensities mitigate asymmetric-distance penalties, while finite-key security is left for future work.","[""extend the original MP-QKD to accommodate asymmetric scenarios"", ""security ... is not affected by the asymmetric channel transmittances and asymmetric intensities"", ""key-rate formula for the asymptotic case"", ""optimal-pulse-intensity method"", ""future research ... finite key scenario""]",
human_reviewer_2,BLINQ_QHW_004,no,4,4,3,4,4,4,high,4,"This is a concise but solid experimental hardware paper with a careful comparison between HEMT-first-stage and KI-TWPA-first-stage readout chains. The ac Stark calibration provides a credible on-chip noise reference, and the reported SNR, fidelity, and added-noise improvements directly support the central claim.","[""ac Stark shift calibration"", ""HEMT as the FSA"", ""KI-TWPA as the FSA"", ""maximum improvement in the state measurement SNR by a factor of 1.45"", ""fidelity from 96.2% to 97.8%"", ""system noise below 5 quanta"", ""six cavities inside its bandwidth""]",
human_reviewer_2,BLINQ_QIT_005,no,4,4,5,5,4,4,high,4,"This is a technically rich and original theory paper proposing a mechanism for generating nonclassical, entangled harmonic light from classical driving fields through resonant light-matter feedback. The formalism, analytical examples, Wigner-function/Schmidt-number analysis, and sodium TDSE simulations provide meaningful support.","[""standard laser pulse in a coherent state"", ""light-matter state becomes entangled"", ""one-photon transition driven by this harmonic"", ""strong photon-number entanglement developed between harmonics"", ""time-dependent Schr\u00f6dinger equation ... sodium atom"", ""non-adiabatic excitations between laser dressed states""]",
human_reviewer_3,BLINQ_QALG_002,no,4,4,4,3,4,4,medium,4,"A coherent and well-positioned hybrid approach with thorough benchmarking against multiple classical and quantum baselines. The main limitations are emulator rather than hardware results, advantage measured in pricing iterations rather than time/resources, and the need for an unimplemented Branch-and-Price extension for optimality guarantees.","[""the quantum processing unit is used as a sampler to restrict the search space"", ""reduce by up to 83% the number of iterations"", ""remains a heuristic approach"", ""embedding this method into a Branch-and-Pricing framework is necessary to guarantee optimality"", ""we restrict our study to State Preparation And Measurement (SPAM) errors""]",
human_reviewer_3,BLINQ_QCOMM_003,no,4,4,3,3,4,4,medium,4,"A technically careful and self-consistent extension that identifies and solves a protocol-specific complication in coupled basis intensities. The security argument via decoy-state estimation is sound and the optimization is well-derived, but the contribution is incremental and limited to the asymptotic case.","[""the intensities of different bases in asymmetric MP-QKD cannot be decoupled"", ""asymmetric channel transmittances and asymmetric intensities do not compromise the security"", ""These simulations are conducted in the asymptotic case"", ""we will focus on the statistical analysis of the finite key scenario... in future research""]",
human_reviewer_3,BLINQ_QEC_001,no,2,2,2,2,3,2,low,4,"This is a broad review rather than original research, covering standard photonic QC material without a clear novel synthesis. Several quality problems, including mismatched figure attributions, an awkward cross-reference, a garbled summary table, and headline metrics asserted without critical sourcing, reduce prioritization.","[""adapted with permission from Bracht, 2024 [37]"", ""This is most synonymous with Shi's experiment"", ""logical error rates to below 10^-3"", ""boson sampling with over 100 photons"", ""Scalability and maintaa at room tem""]",Reviewer response title identified this as the photonic QC review; paper_group_id corrected by title.
human_reviewer_3,BLINQ_QHW_004,no,5,5,4,4,5,5,high,4,"A rigorous, honest experimental hardware paper with carefully controlled benchmarking that avoids common on/off overestimation pitfalls. Quantitative claims are modest but directly supported, limitations are transparent, and the result is relevant to scalable superconducting-qubit readout.","[""a TWPA-on versus -off comparison... results in an over-estimation of the TWPA gain"", ""improvement in the state measurement SNR by a factor of 1.45"", ""increase the fidelity from 96.2% to 97.8%"", ""system noise below 5 quanta referenced on-chip"", ""The improvement was limited primarily by the maximum KI-TWPA gain""]",
human_reviewer_3,BLINQ_QIT_005,no,4,4,5,4,3,4,high,3,"A conceptually original theoretical proposal showing how massively entangled, squeezed harmonic states can emerge from classical drive and a simple atom through light-matter feedback. The formalism is carefully bounded by stated approximations and validated with realistic Na TDSE simulations, though the derivation is dense and experimental confirmation remains future work.","[""generation of several squeezed and entangled harmonics of the incident laser light"", ""even in the absence of a quantum driving field or material correlations"", ""What are the possible escape routes from this 'classical corner'?"", ""the quantum properties of the generated harmonics become stronger as the number of photons in each harmonic grows"", ""generating third harmonic centered at 590 nm in Na with an intensity ~10^7 W/cm^2 is sufficient""]",Reviewer response title identified this as the harmonic-generation paper; paper_group_id corrected by title.
